corrida,rl_games,rl_hours,progress_hours,win,low,high
warmup,0,0.0,0.010491666666666668,62.580000000000005,62.27958808729102,62.87944540327841
warmup,100000,0.012191666666666667,0.03256388888888889,63.71,63.41145314198234,64.00749353176224
warmup,200000,0.024297222222222224,0.05476388888888889,64.13,63.832191529564334,64.42672287597986
warmup,300000,0.036475,0.07673055555555557,64.339,64.04156818447589,64.63533016379715
warmup,400000,0.04861388888888889,0.09864166666666667,64.387,64.089655557667,64.68323910281174
warmup,500000,0.06088611111111111,0.12074444444444445,64.366,64.06861729190841,64.66227898198032
warmup,600000,0.07299444444444443,0.142625,64.30399999999999,64.00650467965204,64.60039635763769
warmup,700000,0.08520000000000001,0.16456944444444446,64.47,64.17280740779175,64.76608087587596
warmup,800000,0.09728611111111111,0.18645833333333334,64.483,64.18583127969826,64.77905600519179
warmup,900000,0.10947777777777778,0.20859166666666668,64.564,64.26698055845307,64.85990050328407
warmup,1000000,0.12163611111111111,0.230625,64.68,64.38319595848246,64.97567619108506
warmup,1100000,0.133725,0.2526111111111111,64.622,64.32508802005779,64.91778858559454
warmup,1200000,0.14589444444444447,0.27442500000000003,64.7,64.40323328928397,64.99563732370255
warmup,1300000,0.15801944444444443,0.29633888888888893,64.751,64.45432873988845,65.04653795481661
warmup,1400000,0.17009444444444446,0.31834999999999997,64.835,64.53848675849986,65.13037348256513
warmup,1500000,0.182225,0.3403083333333334,64.962,64.66572757510163,65.25712290867418
warmup,1600000,0.1943861111111111,0.36247222222222225,65.045,64.74888620230037,65.3399579046644
warmup,1700000,0.20636388888888887,0.3842888888888889,64.988,64.69177715974583,65.28307132647474
warmup,1800000,0.2185111111111111,0.4060638888888889,64.99000000000001,64.69378097794575,65.28506735461671
warmup,1900000,0.23076944444444444,0.4282138888888889,65.008,64.71181536744484,65.30303158219475
warmup,2000000,0.242875,0.4503416666666667,64.90899999999999,64.61262679736433,65.20422775835104
warmup,2100000,0.2550527777777778,0.47255555555555556,65.007,64.71081345570336,65.30203357076529
warmup,2200000,0.2671222222222222,0.4942777777777778,64.961,64.66472566992645,65.25612489067841
warmup,2300000,0.2792888888888889,0.5163333333333334,64.902,64.60561351703826,65.19724157648048
warmup,2400000,0.2914083333333333,0.5384111111111111,64.935,64.63867618544437,65.23017637271576
warmup,2500000,0.30361666666666665,0.560575,65.003,64.70680581016552,65.29804152361932
warmup,2600000,0.3158694444444445,0.5827916666666667,65.067,64.7709284130665,65.36191400365922
warmup,2700000,0.32808055555555554,0.6048083333333333,64.953,64.65671043366133,65.24814074157594
warmup,2800000,0.3402611111111111,0.6269166666666667,65.114,64.81801882249194,65.4088199832685
warmup,2900000,0.3523194444444444,0.6488361111111111,65.183,64.88715212404679,65.47768138050931
warmup,3000000,0.36445555555555553,0.6708250000000001,65.044,64.74788428527297,65.33895989852087
warmup,3100000,0.3767,0.6929055555555556,65.13799999999999,64.84206511092101,65.43277185094225
warmup,3200000,0.3888361111111111,0.7146888888888889,65.096,64.79998416026915,65.39085602841416
warmup,3300000,0.4009638888888889,0.7368555555555556,65.159,64.86310568094862,65.45372966750465
warmup,3400000,0.41315277777777776,0.7589694444444445,65.172,64.87613082738244,65.46670352229317
warmup,3500000,0.42535555555555554,0.7809833333333334,65.202,64.90618895004016,65.49664309476401
warmup,3600000,0.43749166666666667,0.8030583333333334,65.32,65.02441881843818,65.61440416053827
warmup,3700000,0.4496916666666667,0.825338888888889,65.244,64.94827053854759,65.53855827943653
warmup,3800000,0.4618027777777778,0.8473055555555556,65.20899999999999,64.91320253055662,65.50362897644419
warmup,3900000,0.4739861111111111,0.8692805555555555,65.197,64.90117925397227,65.49165317497713
warmup,4000000,0.48608333333333337,0.8912277777777778,65.182,64.88615018726989,65.47668339411523
warmup,4100000,0.4982611111111111,0.9131222222222223,65.434,65.13864279503292,65.728171425432
warmup,4200000,0.5104083333333334,0.9351916666666668,65.315,65.01940903768802,65.60941432543366
warmup,4300000,0.5226638888888888,0.957238888888889,65.389,65.09355415983566,65.68326351793642
warmup,4400000,0.5347833333333334,0.9793472222222224,65.38199999999999,65.08654039833665,65.67627781723877
warmup,4500000,0.5468583333333333,1.001352777777778,65.471,65.17571589136182,65.76509548642831
warmup,4600000,0.5590138888888889,1.0231611111111112,65.354,65.0584854228363,65.6483349439525
warmup,4700000,0.5712,1.0452694444444446,65.5,65.20477332102446,65.79403582872325
warmup,4800000,0.5834416666666666,1.0674277777777779,65.474,65.17872182673827,65.7680893205647
warmup,4900000,0.5956527777777777,1.0896666666666668,65.507,65.21178720152798,65.8010214104164
warmup,5000000,0.6078250000000001,1.1118305555555557,65.456,65.16068623393845,65.7501262962874
warmup,5100000,0.6199333333333334,1.133863888888889,65.456,65.16068623393845,65.7501262962874
warmup,5200000,0.6321083333333334,1.1560055555555557,65.474,65.17872182673827,65.7680893205647
warmup,5300000,0.6443527777777778,1.178091666666667,65.523,65.22781895493833,65.81698842774126
warmup,5400000,0.6565166666666666,1.1999750000000002,65.429,65.13363293227837,65.72318167233179
warmup,5500000,0.668675,1.2220166666666668,65.489,65.19375152308372,65.7830584717835
warmup,5600000,0.6809194444444444,1.2441527777777779,65.413,65.11760139565858,65.70721443821635
warmup,5700000,0.6932333333333333,1.2662277777777777,65.487,65.19174756169656,65.78106258682878
warmup,5800000,0.7055888888888888,1.2885444444444445,65.469,65.17371193516495,65.76309959628325
warmup,5900000,0.7178305555555555,1.3106166666666668,65.534,65.2388408068366,65.82796573072346
warmup,6000000,0.7299666666666667,1.3326416666666667,65.63900000000001,65.34405027272925,65.93274819778073
warmup,6100000,0.7422027777777778,1.3549277777777777,65.59,65.29495232372705,65.88384991140629
warmup,6200000,0.7544555555555555,1.3771638888888889,65.59,65.29495232372705,65.88384991140629
warmup,6300000,0.7666555555555555,1.3993083333333334,65.592,65.29695631485134,65.8858457666239
warmup,6400000,0.7788694444444444,1.4213583333333333,65.55499999999999,65.259882572598,65.84892235155202
warmup,6500000,0.7910611111111111,1.443536111111111,65.738,65.44324922978768,66.03154163464646
warmup,6600000,0.8033138888888889,1.4658166666666665,65.567,65.27190646733702,65.86089753486442
warmup,6700000,0.8154,1.4876972222222222,65.726,65.43122503817413,66.01956674820859
warmup,6800000,0.8275250000000001,1.5098333333333331,65.74799999999999,65.45326940541014,66.04152069073352
warmup,6900000,0.8397972222222222,1.5320083333333332,65.736,65.44124519640272,66.02954582168955
warmup,7000000,0.8520694444444444,1.5542583333333333,65.75,65.45527344227432,66.04351650021124
warmup,7100000,0.8642055555555556,1.5764416666666667,65.66499999999999,65.37010238668317,65.9586940862715
warmup,7200000,0.8763972222222223,1.598747222222222,65.655,65.36008233127914,65.94871490996603
warmup,7300000,0.8886000000000001,1.620938888888889,65.62599999999999,65.33102425242505,65.91977521686252
warmup,7400000,0.9009138888888889,1.643338888888889,65.669,65.37411041289708,65.96268575274141
warmup,7500000,0.9131472222222222,1.6654972222222222,65.606,65.31098426890806,65.89981673696049
warmup,7600000,0.9254861111111111,1.6877583333333335,65.727,65.43222705334483,66.02056465620886
warmup,7700000,0.9376805555555556,1.709947222222222,65.8,65.50537455242744,66.0934115486057
warmup,7800000,0.9498277777777778,1.7320166666666668,65.778,65.48333001927918,66.07145777199302
warmup,7900000,0.9620638888888888,1.754261111111111,65.71000000000001,65.41519281514962,66.00360020049789
warmup,8000000,0.9742888888888889,1.7764194444444446,65.823,65.52842118492073,66.1163631490443
warmup,8100000,0.9865638888888889,1.7986777777777778,65.93599999999999,65.64165140890088,66.22912424338165
warmup,8200000,0.998738888888889,1.820863888888889,65.946,65.65167187215837,66.23910301183369
warmup,8300000,1.0110305555555557,1.8430388888888891,65.888,65.59355338782942,66.18122595224747
warmup,8400000,1.02335,1.8651861111111112,65.852,65.55748009190633,66.14530201401628
warmup,8500000,1.0356138888888888,1.8874583333333335,65.904,65.60958602427776,66.19719208653433
warmup,8600000,1.0477972222222223,1.9099583333333334,65.913,65.61860439864347,66.20617302070718
warmup,8700000,1.0600166666666666,1.932147222222222,66.013,65.71880935168666,66.30596038475916
warmup,8800000,1.0722138888888888,1.9541083333333333,65.84299999999999,65.54846179735449,66.13632100002955
warmup,8900000,1.0843916666666666,1.976086111111111,65.891,65.59655950432757,66.18421960526214
warmup,9000000,1.0966805555555557,1.9981694444444447,65.833,65.5384414838755,66.12634208179902
warmup,9100000,1.1089472222222223,2.0204944444444446,65.823,65.52842118492073,66.1163631490443
warmup,9200000,1.1212666666666666,2.0429694444444446,65.935,65.64064936337577,66.22812636573583
warmup,9300000,1.1336916666666668,2.0653444444444444,65.908,65.61359418920779,66.20118361428811
warmup,9400000,1.1459333333333332,2.0875333333333335,65.8,65.50537455242744,66.0934115486057
warmup,9500000,1.1581916666666665,2.1097194444444445,65.95100000000001,65.65668210924656,66.24409239060026
warmup,9600000,1.1704833333333333,2.1319055555555555,65.82000000000001,65.52541509806605,66.11336946638612
warmup,9700000,1.182713888888889,2.1543361111111112,65.92099999999999,65.62662074130613,66.21415606341213
warmup,9800000,1.1949111111111113,2.1763444444444446,65.97,65.67572104338318,66.26305199671172
warmup,9900000,1.2071138888888888,2.1987027777777777,65.958,65.66369644728557,66.25107751475792
warmup,10000000,1.2194444444444446,2.2211611111111114,65.972,65.67772514477196,66.26504774166484
warmup,10100000,1.231775,2.2435416666666668,65.913,65.61860439864347,66.20617302070718
warmup,10200000,1.244102777777778,2.2658416666666668,65.997,65.70277646130369,66.2899945044069
warmup,10300000,1.256288888888889,2.287902777777778,66.04100000000001,65.74686699967678,66.33390058555568
warmup,10400000,1.2685638888888888,2.3102250000000004,65.975,65.68073129794763,66.26804135800201
warmup,10500000,1.2807916666666668,2.332441666666667,65.934,65.63964731799621,66.22712848794443
warmup,10600000,1.293125,2.3545444444444446,66.00200000000001,65.70778673553967,66.29498384602569
warmup,10700000,1.3053305555555554,2.376711111111111,66.006,65.71179495755219,66.29897531669697
warmup,10800000,1.3176305555555556,2.3991000000000007,65.957,65.66269439855742,66.25007964031509
warmup,10900000,1.3299666666666667,2.421594444444445,65.999,65.7047805705608,66.29199024149169
warmup,11000000,1.34215,2.4437638888888893,66.024,65.72983198547533,66.31693690585094
warmup,11100000,1.3544222222222222,2.466091666666667,66.053,65.75889174096703,66.34587492231682
warmup,11200000,1.3666277777777778,2.4881555555555557,66.018,65.72381963758518,66.31094971471538
warmup,11300000,1.3789416666666665,2.510563888888889,65.917,65.6226125688108,66.21016454322367
warmup,11400000,1.3912277777777777,2.532713888888889,65.95400000000001,65.65968825324671,66.24708601611295
warmup,11500000,1.4036083333333333,2.555,65.955,65.660690301538,66.24808389099263
warmup,11600000,1.4159083333333335,2.5772638888888895,66.014,65.71981140857474,66.306958251042
warmup,11700000,1.4281861111111112,2.599530555555556,65.902,65.60758194268553,66.19519632178466
warmup,11800000,1.4404444444444446,2.621855555555556,65.93599999999999,65.64165140890088,66.22912424338165
warmup,11900000,1.4526916666666665,2.644133333333333,66.07600000000001,65.78193922051248,66.36882567570326
warmup,12000000,1.465011111111111,2.6663305555555556,65.964,65.66970874271274,66.25706475835645
warmup,12100000,1.4771694444444445,2.6884611111111107,65.997,65.70277646130369,66.2899945044069
warmup,12200000,1.4893583333333331,2.7106,66.174,65.88014239074171,66.46661497622728
warmup,12300000,1.501577777777778,2.7327194444444447,66.109,65.81500747824886,66.40175488260827
warmup,12400000,1.513863888888889,2.7549527777777776,66.141,65.8470738195121,66.43368608281548
warmup,12500000,1.5261222222222222,2.777083333333333,66.117,65.82302404953502,66.40973769668975
warmup,12600000,1.5384305555555557,2.7994083333333335,66.084,65.78995575323859,66.37680852834478
warmup,12700000,1.550747222222222,2.8217333333333334,66.105,65.81099919611229,66.39776347206104
warmup,12800000,1.5630055555555555,2.843891666666667,66.254,65.96030928555228,66.54644193509282
warmup,12900000,1.5752416666666667,2.866002777777778,66.147,65.85308627516278,66.43967316619053
warmup,13000000,1.5876,2.8882250000000003,66.154,65.86010081340828,66.44665809014168
warmup,13100000,1.5999833333333333,2.910708333333333,66.168,65.874129911398,66.46062791654528
warmup,13200000,1.6122666666666667,2.933091666666667,66.11,65.81600954914825,66.40275273487984
warmup,13300000,1.6244944444444445,2.9553833333333337,66.113,65.81901576272303,66.40574629081792
warmup,13400000,1.636775,2.977719444444445,66.083,65.7889536861368,66.37581067227563
warmup,13500000,1.6490277777777778,3.0000277777777775,66.07600000000001,65.78193922051248,66.36882567570326
warmup,13600000,1.6613666666666667,3.0222249999999997,66.05799999999999,65.76390205603944,66.35086422309917
warmup,13700000,1.6737,3.0442888888888886,66.039,65.74486287817095,66.33190486071959
warmup,13800000,1.6859111111111111,3.0666249999999997,65.994,65.69977029851111,66.28700089768662
warmup,13900000,1.6982444444444444,3.088891666666666,66.092,65.79797229531006,66.3847913716409
warmup,14000000,1.7105083333333333,3.111158333333333,66.212,65.91822154892509,66.50453289854008
warmup,14100000,1.722711111111111,3.1332833333333334,66.146,65.85208419885547,66.4386753193269
warmup,14200000,1.7348694444444444,3.1555861111111114,66.213,65.91922363488972,66.50553073574639
warmup,14300000,1.7470750000000002,3.177588888888889,66.14999999999999,65.85609250496204,66.44266670590412
warmup,14400000,1.7593805555555557,3.2000833333333336,66.186,65.89216736523085,66.47858907978956
warmup,14500000,1.7715916666666665,3.222008333333333,66.115,65.82101990583679,66.40774199404606
warmup,14600000,1.7838472222222224,3.244580555555556,66.168,65.874129911398,66.46062791654528
warmup,14700000,1.7961861111111113,3.266597222222223,66.201,65.9071986129775,66.4935566796072
warmup,14800000,1.8084166666666668,3.2888694444444444,66.223,65.92924450259024,66.51550909975536
warmup,14900000,1.8207277777777777,3.311291666666667,66.09899999999999,65.80498677729,66.39177635185763
warmup,15000000,1.8329833333333332,3.3334083333333333,66.11399999999999,65.82001783420685,66.40674414250505
warmup,15100000,1.8452555555555556,3.3555555555555556,66.17,65.87613407059406,66.46262360369111
warmup,15200000,1.857611111111111,3.377711111111111,66.152,65.85809665889269,66.44466239831537
warmup,15300000,1.8699861111111111,3.3999888888888887,66.27199999999999,65.97834696609276,66.56440287162947
warmup,15400000,1.882225,3.422127777777778,66.264,65.97033021332228,66.55642023903235
warmup,15500000,1.8945166666666666,3.4444138888888887,66.216,65.9222298936622,66.50852424648674
warmup,15600000,1.906863888888889,3.4667722222222226,66.23,65.93625911869486,66.5224939458474
warmup,15700000,1.919063888888889,3.488930555555556,66.297,66.0033993789879,66.58934853800811
warmup,15800000,1.9312916666666666,3.511152777777778,66.226,65.93225076575624,66.51850260610222
warmup,15900000,1.9435833333333332,3.533338888888889,66.227,65.93325285377118,66.51950044125823
warmup,16000000,1.9558166666666665,3.5557694444444445,66.12599999999999,65.83204270341062,66.4187183513527
warmup,16100000,1.9681027777777778,3.57775,66.2,65.90619652876977,66.49255884064398
warmup,16200000,1.9804861111111112,3.6000527777777775,66.121,65.827032338685,66.41372910022355
warmup,16300000,1.9929388888888888,3.6226027777777774,66.173,65.87914031048537,66.46561713331269
warmup,16400000,2.0052694444444445,3.6446805555555555,66.228,65.93425494193261,66.52049827626777
warmup,16500000,2.017613888888889,3.666844444444444,66.255,65.96131137766972,66.54743976614634
warmup,16600000,2.0299305555555556,3.6892083333333336,66.225,65.93124867788778,66.51750477079975
warmup,16700000,2.0423666666666667,3.711758333333334,66.226,65.93225076575624,66.51850260610222
warmup,16800000,2.0546694444444444,3.734022222222222,66.208,65.91421320653076,66.5005415482506
warmup,16900000,2.0668972222222224,3.75615,66.137,65.84306551866905,66.42969469097473
warmup,17000000,2.0792083333333333,3.7782916666666666,66.228,65.93425494193261,66.52049827626777
warmup,17100000,2.0915055555555555,3.8006444444444445,66.297,66.0033993789879,66.58934853800811
warmup,17200000,2.1036777777777775,3.8227083333333334,66.27199999999999,65.97834696609276,66.56440287162947
warmup,17300000,2.1158916666666667,3.8448027777777782,66.22200000000001,65.92824241516117,66.51451126401349
warmup,17400000,2.1282972222222223,3.8670805555555554,66.194,65.90018402659742,66.4865718037906
warmup,17500000,2.140766666666667,3.8895500000000003,66.199,65.90519444470841,66.49156100153435
warmup,17600000,2.1531277777777778,3.911827777777778,66.202,65.90820069733162,66.49455451842402
warmup,17700000,2.16555,3.934219444444444,66.31,66.01642666992463,66.60232024829376
warmup,17800000,2.1777833333333336,3.9564777777777778,66.255,65.96131137766972,66.54743976614634
warmup,17900000,2.190236111111111,3.978980555555556,66.13900000000001,65.84506966879819,66.4316903871875
warmup,18000000,2.2024583333333334,4.0012388888888895,66.152,65.85809665889269,66.44466239831537
warmup,18100000,2.214758333333333,4.02358888888889,66.178,65.88415071323027,66.47060634642253
warmup,18200000,2.227036111111111,4.045830555555556,66.312,66.01843087073121,66.6043158938291
warmup,18300000,2.2393944444444442,4.068477777777778,66.253,65.95930719358142,66.54544410389272
warmup,18400000,2.251697222222222,4.090666666666667,66.35600000000001,66.0625234370286,66.64821994705358
warmup,18500000,2.2640555555555557,4.113019444444444,66.239,65.94527792137639,66.53147445170447
warmup,18600000,2.2764305555555553,4.135430555555556,66.283,65.98937001647408,66.57537897612863
warmup,18700000,2.288688888888889,4.157738888888889,66.375,66.08156349673521,66.667178427595
warmup,18800000,2.301013888888889,4.180116666666667,66.28399999999999,65.99037211284315,66.5763768029305
warmup,18900000,2.3132777777777775,4.2023777777777775,66.351,66.05751290381473,66.64323086441269
warmup,19000000,2.3256166666666664,4.224716666666667,66.445,66.151711543047,66.73702500324983
warmup,19100000,2.3379055555555555,4.247383333333333,66.348,66.05450658564888,66.64023741306568
warmup,19200000,2.3502805555555555,4.269808333333334,66.428,66.13467552268213,66.72006232970853
warmup,19300000,2.3625388888888885,4.29215,66.404,66.11062474278225,66.69611495350557
warmup,19400000,2.3748805555555554,4.314508333333333,66.43599999999999,66.14269246814473,66.72804476961353
warmup,19500000,2.3872083333333336,4.336716666666667,66.363,66.0695381896974,66.65520465658142
warmup,19600000,2.3995027777777773,4.359019444444444,66.333,66.03947501464434,66.62527013650593
warmup,19700000,2.411922222222222,4.3815333333333335,66.378,66.08456982680082,66.67017186704228
warmup,19800000,2.424225,4.403786111111111,66.188,65.89417152969436,66.48058476166796
warmup,19900000,2.4365,4.426041666666666,66.29,65.99638469413745,66.58236376066193
warmup,20000000,2.448836111111111,4.448277777777777,66.437,66.14369458698968,66.72904257393954
warmup,20100000,2.461163888888889,4.470669444444445,66.423,66.12966493654956,66.71507329998634
warmup,20200000,2.4734333333333334,4.492872222222222,66.381,66.08757615818904,66.6731653051669
warmup,20300000,2.4857305555555556,4.514938888888889,66.335,66.0414792222028,66.62726577528937
warmup,20400000,2.498044444444444,4.537036111111111,66.425,66.13166917056125,66.71706891231656
warmup,20500000,2.5104333333333333,4.559352777777777,66.459,66.16574123881351,66.75099423187665
warmup,20600000,2.5228027777777777,4.5818111111111115,66.532,66.23889654873271,66.82383331343691
warmup,20700000,2.535111111111111,4.604119444444445,66.464,66.17075185143699,66.75598323510792
warmup,20800000,2.5473722222222226,4.626372222222223,66.503,66.20983475626258,66.79489733394945
warmup,20900000,2.559775,4.648786111111112,66.514,66.22085818019217,66.80587306490031
warmup,21000000,2.5722388888888887,4.671275,66.54299999999999,66.24992001969298,66.83480899735711
warmup,21100000,2.5845833333333332,4.6934055555555565,66.574,66.28098626116143,66.86574037418814
warmup,21200000,2.596988888888889,4.715891666666667,66.534,66.24090081485275,66.82582889365877
warmup,21300000,2.609347222222222,4.738294444444445,66.501,66.20783049928217,66.79290174458795
warmup,21400000,2.621711111111111,4.760791666666666,66.539,66.2459114827336,66.83081784163268
warmup,21500000,2.633986111111111,4.783033333333333,66.493,66.19981347725468,66.78491938124785
warmup,21600000,2.646352777777778,4.805397222222222,66.446,66.15271366321645,66.73802280625137
warmup,21700000,2.6587111111111112,4.8276666666666666,66.486,66.19279859071567,66.77793480559019
warmup,21800000,2.6710999999999996,4.850227777777778,66.40899999999999,66.115635314942,66.70110399720058
warmup,21900000,2.6835138888888888,4.872627777777778,66.416,66.12265012214226,66.70808865219698
warmup,22000000,2.69595,4.895297222222222,66.318,66.02444347667293,66.61030282691307
warmup,22100000,2.7082333333333333,4.917627777777778,66.39,66.09659516029039,66.68214561160411
warmup,22200000,2.7205166666666667,4.939955555555556,66.426,66.13267128778777,66.718066718261
warmup,22300000,2.7328416666666664,4.962283333333334,66.391,66.09759727236994,66.68314342269554
gpi12000,0,0.0,0.00908888888888889,62.580000000000005,62.27958808729102,62.87944540327841
gpi12000,100000,0.015302777777777778,0.032447222222222225,63.426,63.12696779565279,63.724000697541584
gpi12000,200000,0.029694444444444447,0.054838888888888895,64.12299999999999,63.82517902063047,64.41973592271705
gpi12000,300000,0.043633333333333336,0.07680833333333333,64.37899999999999,64.08164097289875,64.67525430221237
gpi12000,400000,0.058380555555555554,0.09948888888888888,64.806,64.50943209103262,65.10143037807475
gpi12000,500000,0.07306666666666667,0.12217222222222222,64.913,64.61663438925778,65.20821985914141
gpi12000,600000,0.08921111111111112,0.14635833333333334,64.986,64.68977334211691,65.28107529776173
gpi12000,700000,0.10410277777777777,0.16930555555555554,65.19,64.89416568549792,65.48466728125484
gpi12000,800000,0.11924722222222223,0.19236111111111112,65.08,64.78395338831783,65.37488802963026
gpi12000,900000,0.13398888888888888,0.21523055555555554,65.21000000000001,64.91420447120394,65.50462695896783
gpi12000,1000000,0.14859444444444447,0.23777777777777778,65.223,64.92722971266835,65.5176007187258
gpi12000,1100000,0.16236111111111112,0.2592083333333333,65.29599999999999,65.00037190359637,65.59045291927723
gpi12000,1200000,0.1777027777777778,0.2824222222222222,65.384,65.08854432947402,65.6782737324433
gpi12000,1300000,0.19165555555555558,0.3042194444444445,65.46,65.16469413941391,65.75411808349574
gpi12000,1400000,0.20545833333333333,0.325575,65.583,65.28793835934378,65.87686441359288
gpi12000,1500000,0.21828055555555553,0.34588611111111106,65.637,65.34204626801451,65.93075235615355
gpi12000,1600000,0.23094444444444442,0.3659805555555555,65.615,65.32000225433387,65.90879806007325
gpi12000,1700000,0.24360555555555555,0.3860694444444444,65.549,65.2538706330265,65.84293475209785
gpi12000,1800000,0.2563166666666667,0.4062305555555555,65.673,65.37811844142689,65.96667741689541
gpi12000,1900000,0.2688138888888889,0.42619166666666664,65.689,65.39415057870887,65.98264405034865
gpi12000,2000000,0.2814361111111111,0.44631111111111105,65.71900000000001,65.42421093603681,66.01258138814927
gpi12000,2100000,0.2940888888888889,0.4663666666666667,65.72200000000001,65.42721697894052,66.0155751147584
gpi12000,2200000,0.30680277777777776,0.4865861111111111,65.654,65.35908032653465,65.94771699153958
gpi12000,2300000,0.31941111111111115,0.5065777777777778,65.702,65.40717671754538,65.99561691273452
gpi12000,2400000,0.3318888888888889,0.5264666666666666,65.733,65.43823914741235,66.02655210116704
gpi12000,2500000,0.34431944444444446,0.5462333333333332,65.69,65.39515258851971,65.98364196370879
gpi12000,2600000,0.35675,0.5660472222222223,65.78,65.48533406484525,66.07345357276888
gpi12000,2700000,0.36928055555555556,0.5859583333333332,65.838,65.54345163879928,66.13133154273001
gpi12000,2800000,0.3819083333333333,0.6059888888888889,65.824,65.5294232141627,66.11736104297327
gpi12000,2900000,0.39477222222222225,0.6262166666666666,65.82900000000001,65.53443336255086,66.12235051043987
gpi12000,3000000,0.4071722222222222,0.6458972222222222,65.852,65.55748009190633,66.14530201401628
gpi12000,3100000,0.4192638888888889,0.6653,65.876,65.58152893492293,66.16925132710251
gpi12000,3200000,0.43132777777777775,0.6846527777777778,65.955,65.660690301538,66.24808389099263
gpi12000,3300000,0.4435777777777778,0.7042277777777779,65.95,65.65568006153771,66.24309451513814
gpi12000,3400000,0.45575,0.7236861111111111,66.039,65.74486287817095,66.33190486071959
gpi12000,3500000,0.46799166666666664,0.7432305555555556,65.995,65.70077235262956,66.28799876673914
gpi12000,3600000,0.4801916666666667,0.7626805555555556,66.007,65.71279701341976,66.29997318400035
gpi12000,3700000,0.4923,0.7821777777777779,66.063,65.76891237476035,66.35585352023303
gpi12000,3800000,0.50455,0.8017194444444444,65.877,65.58253097186551,66.1702492133309
gpi12000,3900000,0.516625,0.8211444444444445,65.958,65.66369644728557,66.25107751475792
gpi12000,4000000,0.5288222222222222,0.8406444444444444,65.90899999999999,65.61459623080395,66.20218149586289
gpi12000,4100000,0.5409944444444444,0.8601472222222222,65.944,65.64966777834225,66.23710725930792
gpi12000,4200000,0.5531416666666666,0.8796166666666666,65.972,65.67772514477196,66.26504774166484
gpi12000,4300000,0.5654416666666666,0.8993083333333333,66.081,65.78694955237123,66.37381495969929
gpi12000,4400000,0.577636111111111,0.9188333333333333,66.095,65.80097850099655,66.38778493546728
gpi12000,4500000,0.590025,0.9385416666666667,66.053,65.75889174096703,66.34587492231682
gpi12000,4600000,0.6021722222222222,0.9580861111111112,66.05199999999999,65.75788967839034,66.34487706172257
gpi12000,4700000,0.6142444444444445,0.9775305555555556,66.04299999999999,65.74887112176613,66.3358963098082
gpi12000,4800000,0.6265111111111111,0.9971583333333334,66.01700000000001,65.72281758011387,66.30995184901576
gpi12000,4900000,0.6388527777777777,1.0168777777777778,65.881,65.58653912108961,66.17424075679061
gpi12000,5000000,0.6510972222222222,1.036547222222222,66.037,65.74285875724865,66.32990913529999
gpi12000,5100000,0.6632277777777777,1.056077777777778,65.935,65.64064936337577,66.22812636573583
gpi12000,5200000,0.6754833333333333,1.075697222222222,66.091,65.79697022703999,66.38379351674003
gpi12000,5300000,0.6877888888888889,1.0954277777777777,66.027,65.73283816138911,66.31993049945001
gpi12000,5400000,0.7000916666666667,1.1151333333333333,66.02,65.72582375296527,66.3129454456772
gpi12000,5500000,0.7121055555555555,1.134525,65.986,65.6917538708099,66.27901794002021
gpi12000,5600000,0.7245083333333333,1.1543083333333335,66.069,65.77492476204199,66.36184067197709
gpi12000,5700000,0.7368777777777779,1.1740777777777778,66.106,65.81200126642729,66.39876132491699
gpi12000,5800000,0.7490694444444445,1.1936083333333334,66.146,65.85208419885547,66.4386753193269
gpi12000,5900000,0.7612388888888889,1.2131750000000001,66.098,65.80398470799753,66.39077849797914
gpi12000,6000000,0.7735555555555556,1.232891666666667,66.063,65.76891237476035,66.35585352023303
gpi12000,6100000,0.7858499999999999,1.25255,66.078,65.78394335281797,66.37082138973969
gpi12000,6200000,0.7980555555555555,1.2721388888888892,66.07300000000001,65.77893302314922,66.36583210355369
gpi12000,6300000,0.8103222222222222,1.2918055555555557,66.205,65.91120695127238,66.49754803399613
gpi12000,6400000,0.8226666666666667,1.3115277777777778,66.18,65.88615487535243,66.47260203064226
gpi12000,6500000,0.8349611111111112,1.331225,66.105,65.81099919611229,66.39776347206104
gpi12000,6600000,0.8471888888888889,1.350852777777778,66.082,65.78795161918099,66.37481281606046
gpi12000,6700000,0.859425,1.3704805555555557,66.149,65.85509042821604,66.44166885947915
gpi12000,6800000,0.8716083333333333,1.390063888888889,66.184,65.89016320135269,66.4765933973258
gpi12000,6900000,0.8839527777777778,1.409763888888889,66.05799999999999,65.76390205603944,66.35086422309917
gpi12000,7000000,0.8961527777777778,1.429341666666667,66.171,65.87713615041153,66.4636214470446
gpi12000,7100000,0.9083555555555556,1.4489305555555556,66.037,65.74285875724865,66.32990913529999
gpi12000,7200000,0.9206305555555555,1.4686,66.02799999999999,65.73384022031871,66.32092836369135
gpi12000,7300000,0.9328166666666666,1.4882055555555556,65.997,65.70277646130369,66.2899945044069
gpi12000,7400000,0.9450166666666666,1.5078055555555556,66.012,65.71780729494435,66.3049625183305
gpi12000,7500000,0.957336111111111,1.52745,66.008,65.7137990694331,66.30097105115794
gpi12000,7600000,0.969675,1.5472166666666665,66.09899999999999,65.80498677729,66.39177635185763
gpi12000,7700000,0.9819416666666666,1.5668861111111112,65.975,65.68073129794763,66.26804135800201
gpi12000,7800000,0.9943,1.5865833333333335,66.136,65.84206344382376,66.42869684264906
gpi12000,7900000,1.0065583333333334,1.6062222222222224,66.152,65.85809665889269,66.44466239831537
gpi12000,8000000,1.018761111111111,1.62585,66.22,65.92623824074238,66.51251559209038
gpi12000,8100000,1.031,1.6455722222222224,66.152,65.85809665889269,66.44466239831537
gpi12000,8200000,1.0433333333333332,1.6652777777777779,66.274,65.98035115575149,66.56639852831265
gpi12000,8300000,1.0555527777777778,1.6849444444444446,66.17,65.87613407059406,66.46262360369111
gpi12000,8400000,1.0678972222222223,1.7046861111111113,66.181,65.887156956633,66.47359987253265
gpi12000,8500000,1.0802166666666668,1.7244,66.168,65.874129911398,66.46062791654528
gpi12000,8600000,1.0924194444444444,1.7440722222222222,66.204,65.91020486647905,66.49655019561848
gpi12000,8700000,1.1048,1.7638305555555558,66.17,65.87613407059406,66.46262360369111
gpi12000,8800000,1.1171833333333334,1.783611111111111,66.238,65.94427583160353,66.53047661830634
gpi12000,8900000,1.1294222222222223,1.8031861111111112,66.292,65.99838888907557,66.58435941206568
gpi12000,9000000,1.1416388888888889,1.822747222222222,66.22,65.92623824074238,66.51251559209038
gpi12000,9100000,1.1538000000000002,1.8422833333333337,66.274,65.98035115575149,66.56639852831265
gpi12000,9200000,1.1660694444444446,1.8619722222222224,66.227,65.93325285377118,66.51950044125823
gpi12000,9300000,1.17835,1.881663888888889,66.309,66.01542456974146,66.60132242530598
gpi12000,9400000,1.1906222222222222,1.9013166666666665,66.302,66.00840987256768,66.59433766028312
gpi12000,9500000,1.2030083333333332,1.9210750000000003,66.339,66.04548763908159,66.63125705109441
gpi12000,9600000,1.2151694444444443,1.9406277777777778,66.361,66.06753397391468,66.65320902602225
gpi12000,9700000,1.2273972222222223,1.9602972222222224,66.373,66.07955927742624,66.6651828005621
gpi12000,9800000,1.2396194444444444,1.9798805555555556,66.263,65.96932811988567,66.55542240929802
gpi12000,9900000,1.251875,1.9995055555555559,66.20899999999999,65.9152152919097,66.50153938604258
gpi12000,10000000,1.2641749999999998,2.019216666666667,66.372,66.07855716799216,66.66418498682522
gpi12000,10100000,1.2765444444444445,2.038991666666667,66.211,65.91721946310685,66.50353506118734
gpi12000,10200000,1.2887583333333332,2.0585972222222226,66.233,65.9392653849369,66.52548744911822
gpi12000,10300000,1.3009444444444442,2.0781472222222224,66.245,65.9512904630903,66.53746144901623
gpi12000,10400000,1.3132305555555557,2.097813888888889,66.262,65.96832602659563,66.55442457941707
gpi12000,10500000,1.325511111111111,2.117516666666667,66.25999999999999,65.96632184045535,66.55242891921546
gpi12000,10600000,1.3379083333333335,2.1372944444444446,66.249,65.95529882716352,66.54145277762684
gpi12000,10700000,1.350125,2.1569083333333334,66.346,66.05250237427263,66.63824177810001
gpi12000,10800000,1.3624166666666666,2.1765722222222226,66.323,66.0294539856604,66.61529193378037
gpi12000,10900000,1.3746583333333335,2.196219444444445,66.301,66.0074077735583,66.59333983612152
gpi12000,11000000,1.3870027777777778,2.2159222222222223,66.328,66.03446449831739,66.62028103697811
gpi12000,11100000,1.399361111111111,2.2356833333333337,66.39,66.09659516029039,66.68214561160411
gpi12000,11200000,1.4117,2.2553972222222223,66.399,66.10561417429858,66.6911259061345
gpi12000,11300000,1.4239555555555554,2.275027777777778,66.31899999999999,66.02544557817687,66.61130064858007
gpi12000,11400000,1.4363472222222222,2.294833333333334,66.32000000000001,66.0264476798276,66.61229847010031
gpi12000,11500000,1.4486805555555555,2.314563888888889,66.274,65.98035115575149,66.56639852831265
gpi12000,11600000,1.4610111111111113,2.3342361111111116,66.27300000000001,65.97934906084882,66.56540070004438
gpi12000,11700000,1.4733916666666667,2.353966666666667,66.254,65.96030928555228,66.54644193509282
gpi12000,11800000,1.4855388888888887,2.373555555555556,66.233,65.9392653849369,66.52548744911822
gpi12000,11900000,1.497925,2.3933166666666668,66.351,66.05751290381473,66.64323086441269
gpi12000,12000000,1.5102194444444443,2.4130444444444445,66.307,66.01342036981532,66.59932677889022
gpi12000,12100000,1.5224000000000002,2.432641666666667,66.391,66.09759727236994,66.68314342269554
gpi12000,12200000,1.534661111111111,2.4522583333333334,66.335,66.0414792222028,66.62726577528937
gpi12000,12300000,1.5469916666666668,2.471975,66.31099999999999,66.01742877025454,66.6033180711348
gpi12000,12400000,1.5593666666666668,2.491730555555556,66.27,65.97634277702049,66.56240721435984
gpi12000,12500000,1.5716083333333333,2.5113611111111114,66.288,65.994380499786,66.58036810867145
gpi12000,12600000,1.5838916666666667,2.5310083333333337,66.359,66.06552975871955,66.65121339487547
gpi12000,12700000,1.596125,2.5506222222222226,66.339,66.04548763908159,66.63125705109441
gpi12000,12800000,1.6083833333333335,2.570277777777778,66.412,66.11864166000257,66.70409742165289
gpi12000,12900000,1.620652777777778,2.5899444444444453,66.477,66.18377946148598,66.76895462628131
gpi12000,13000000,1.6329027777777778,2.609580555555556,66.432,66.13868399423636,66.72405355083811
gpi12000,13100000,1.6452055555555556,2.6292888888888895,66.28699999999999,65.99337840283029,66.57937028245621
gpi12000,13200000,1.6575055555555558,2.6489666666666674,66.438,66.1446967059818,66.73004037811839
gpi12000,13300000,1.66975,2.6686138888888893,66.339,66.04548763908159,66.63125705109441
gpi12000,13400000,1.6819722222222224,2.6882166666666674,66.297,66.0033993789879,66.58934853800811
gpi12000,13500000,1.6942083333333333,2.7078388888888894,66.328,66.03446449831739,66.62028103697811
gpi12000,13600000,1.7064944444444445,2.727544444444445,66.256,65.9623134699337,66.54843759705331
gpi12000,13700000,1.7188277777777776,2.747269444444445,66.133,65.83905722016502,66.42570329679495
gpi12000,13800000,1.7311222222222222,2.766975000000001,66.185,65.89116528321861,66.47759123863086
gpi12000,13900000,1.743425,2.786638888888889,66.268,65.97433858853468,66.56041155650377
gpi12000,14000000,1.755638888888889,2.8062555555555564,66.265,65.97133230690547,66.5574180686201
gpi12000,14100000,1.7678916666666666,2.825869444444445,66.274,65.98035115575149,66.56639852831265
gpi12000,14200000,1.780375,2.8457027777777784,66.379,66.08557193711658,66.67116967989745
gpi12000,14300000,1.79265,2.8653805555555563,66.28,65.98636372824677,66.57238549484306
gpi12000,14400000,1.8049027777777777,2.885058333333334,66.245,65.9512904630903,66.53746144901623
gpi12000,14500000,1.8171805555555556,2.9047166666666677,66.346,66.05250237427263,66.63824177810001
gpi12000,14600000,1.8294444444444444,2.924325000000001,66.308,66.01442246970501,66.60032460217147
gpi12000,14700000,1.8416305555555554,2.943894444444445,66.43599999999999,66.14269246814473,66.72804476961353
gpi12000,14800000,1.853763888888889,2.9634500000000004,66.426,66.13267128778777,66.718066718261
gpi12000,14900000,1.865977777777778,2.983025000000001,66.352,66.05851501016373,66.64422868123464
gpi12000,15000000,1.8783,3.0027916666666674,66.385,66.0915846020976,66.67715655394217
gpi12000,15100000,1.8905027777777779,3.0223583333333344,66.386,66.09258671344217,66.67815436576852
gpi12000,15200000,1.9028222222222222,3.042075000000001,66.39699999999999,66.1036099479343,66.68913028615685
gpi12000,15300000,1.9150805555555555,3.061711111111112,66.289,65.99538259688838,66.58136593474002
gpi12000,15400000,1.9274333333333333,3.081441666666668,66.255,65.96131137766972,66.54743976614634
gpi12000,15500000,1.9396972222222222,3.101119444444445,66.253,65.95930719358142,66.54544410389272
gpi12000,15600000,1.951986111111111,3.1207888888888897,66.35799999999999,66.06452765134232,66.65021557908173
gpi12000,15700000,1.9641833333333334,3.140377777777779,66.384,66.09058249089999,66.67615874196882
gpi12000,15800000,1.976386111111111,3.1599916666666674,66.38300000000001,66.08958037984935,66.67516092984849
gpi12000,15900000,1.98875,3.179727777777779,66.434,66.14068823089627,66.72604916052012
gpi12000,16000000,2.0010055555555555,3.1994305555555567,66.41,66.11663742981513,66.7021018054984
gpi12000,16100000,2.0132583333333334,3.2190444444444455,66.374,66.08056138700724,66.66618061415204
gpi12000,16200000,2.0255527777777775,3.2387444444444453,66.39500000000001,66.10160572215814,66.68713466559115
gpi12000,16300000,2.037947222222222,3.258511111111112,66.37100000000001,66.07755505870503,66.66318717294139
gpi12000,16400000,2.0503916666666666,3.27833888888889,66.314,66.02043507212476,66.60631153877743
gpi12000,16500000,2.062588888888889,3.2979305555555563,66.386,66.09258671344217,66.67815436576852
gpi12000,16600000,2.0749305555555555,3.3176527777777785,66.488,66.19480284327592,66.77993039937182
gpi12000,16700000,2.087258333333333,3.337344444444445,66.581,66.28800123853958,66.87272485900665
gpi12000,16800000,2.0995694444444446,3.356986111111112,66.497,66.20382198708965,66.78891056409665
gpi12000,16900000,2.1117861111111114,3.3766055555555563,66.46600000000001,66.17275609751705,66.75797883536978
gpi12000,17000000,2.124,3.396175000000001,66.306,66.01241827007233,66.59832895546225
gpi12000,17100000,2.136241666666667,3.4157777777777785,66.461,66.16774548342121,66.75298983361084
gpi12000,17200000,2.1485083333333335,3.435413888888889,66.497,66.20382198708965,66.78891056409665
gpi12000,17300000,2.1607333333333334,3.455030555555556,66.444,66.15070942302475,66.73602720010113
gpi12000,17400000,2.1729555555555558,3.474633333333334,66.426,66.13267128778777,66.718066718261
gpi12000,17500000,2.18525,3.494305555555556,66.352,66.05851501016373,66.64422868123464
gpi12000,17600000,2.1974472222222223,3.5139888888888895,66.29,65.99638469413745,66.58236376066193
gpi12000,17700000,2.2097361111111113,3.5336861111111117,66.352,66.05851501016373,66.64422868123464
gpi12000,17800000,2.2220222222222223,3.553355555555556,66.302,66.00840987256768,66.59433766028312
gpi12000,17900000,2.2342138888888887,3.5729722222222224,66.326,66.03246029281422,66.61828539613938
gpi12000,18000000,2.2465166666666665,3.5926916666666675,66.28699999999999,65.99337840283029,66.57937028245621
gpi12000,18100000,2.2587083333333333,3.6122722222222228,66.349,66.05550869155729,66.6412352303282
gpi12000,18200000,2.271027777777778,3.6319611111111114,66.514,66.22085818019217,66.80587306490031
gpi12000,18300000,2.283341666666667,3.6517250000000008,66.353,66.05951711665962,66.64522649790968
gpi12000,18400000,2.2956,3.6713638888888886,66.44099999999999,66.14770306384104,66.73303378977198
gpi12000,18500000,2.307958333333333,3.691125,66.431,66.1376818761271,66.7230557457764
gpi12000,18600000,2.320311111111111,3.7108250000000003,66.43,66.136679758165,66.72205794056758
gpi12000,18700000,2.332636111111111,3.7305249999999996,66.50399999999999,66.21083688497383,66.79589512840914
gpi12000,18800000,2.344911111111111,3.7501861111111117,66.49199999999999,66.19881135016426,66.78392158516728
gpi12000,18900000,2.3572416666666665,3.7699305555555553,66.481,66.1877879618929,66.7729458185582
gpi12000,19000000,2.369538888888889,3.789652777777778,66.547,66.25392855901231,66.8388001507216
gpi12000,19100000,2.38175,3.809277777777777,66.678,66.38520952731623,66.9695091178123
gpi12000,19200000,2.394047222222222,3.829011111111111,66.605,66.31205264447287,66.8966716091762
gpi12000,19300000,2.406391666666667,3.848725,66.567,66.27397129101566,66.85875588213726
gpi12000,19400000,2.418616666666667,3.868336111111111,66.515,66.22186031052466,66.80687085773877
gpi12000,19500000,2.430877777777778,3.8880194444444443,66.618,66.32508052487276,66.90964272999868
gpi12000,19600000,2.443202777777778,3.9077611111111112,66.53999999999999,66.24691361675221,66.83181563078502
gpi12000,19700000,2.4556750000000003,3.927633333333333,66.521,66.22787309561524,66.8128576116739
gpi12000,19800000,2.4679555555555552,3.947277777777778,66.46300000000001,66.16974972861784,66.75498543475614
gpi12000,19900000,2.480383333333333,3.967088888888889,66.514,66.22085818019217,66.80587306490031
gpi12000,20000000,2.4927305555555557,3.9867749999999997,66.539,66.2459114827336,66.83081784163268
gpi12000,20100000,2.505002777777778,4.006500000000001,66.45100000000001,66.15772426627132,66.74301181905123
gpi12000,20200000,2.517263888888889,4.026177777777778,66.539,66.2459114827336,66.83081784163268
gpi12000,20300000,2.529541666666667,4.045850000000001,66.445,66.151711543047,66.73702500324983
gpi12000,20400000,2.5417944444444442,4.065472222222222,66.49000000000001,66.19680709642546,66.78192599256421
gpi12000,20500000,2.554125,4.085244444444445,66.494,66.20081560449242,66.78591717718105
gpi12000,20600000,2.5663666666666667,4.104877777777777,66.47999999999999,66.18678583657022,66.7719480207099
gpi12000,20700000,2.5786333333333333,4.124508333333333,66.472,66.17876883929115,66.76396563262136
gpi12000,20800000,2.5908277777777777,4.144155555555555,66.493,66.19981347725468,66.78491938124785
gpi12000,20900000,2.6030694444444444,4.163755555555555,66.438,66.1446967059818,66.73004037811839
gpi12000,21000000,2.6154333333333333,4.1834944444444435,66.597,66.3040354997111,66.88868936857033
gpi12000,21100000,2.627688888888889,4.203213888888889,66.538,66.24490934886246,66.82982005233285
gpi12000,21200000,2.639941666666667,4.222827777777778,66.468,66.17476034418607,66.75997443504265
gpi12000,21300000,2.652169444444444,4.242455555555556,66.539,66.2459114827336,66.83081784163268
gpi12000,21400000,2.6643583333333334,4.262077777777778,66.428,66.13467552268213,66.72006232970853
gpi12000,21500000,2.6767305555555554,4.281938888888889,66.471,66.17776671529398,66.76296783344759
gpi12000,21600000,2.688911111111111,4.301547222222222,66.474,66.18077308772726,66.76596123052717
gpi12000,21700000,2.701083333333333,4.321141666666667,66.534,66.24090081485275,66.82582889365877
gpi12000,21800000,2.7133583333333333,4.340827777777777,66.551,66.2579371006918,66.8427913017259
gpi12000,21900000,2.725511111111111,4.360363888888889,66.532,66.23889654873271,66.82383331343691
gpi12000,22000000,2.7378416666666667,4.380058333333333,66.544,66.25092215430156,66.83580678591949
gpi12000,22100000,2.750083333333333,4.399702777777778,66.541,66.2479157509183,66.83281341978987
gpi12000,22200000,2.762363888888889,4.4193694444444445,66.539,66.2459114827336,66.83081784163268
gpi12000,22300000,2.774669444444444,4.4390583333333336,66.692,66.39923970449497,66.98347786502687
gpi12000,22400000,2.7868861111111114,4.458688888888889,66.618,66.32508052487276,66.90964272999868
gpi12000,22500000,2.799161111111111,4.478347222222222,66.579,66.28599695855061,66.87072929265372
gpi12000,22600000,2.811325,4.497958333333334,66.51899999999999,66.2258688333287,66.81086202761853
gpi12000,22700000,2.823647222222222,4.517697222222222,66.44,66.14670094440747,66.73203598603462
gpi12000,22800000,2.8359055555555557,4.537280555555555,66.468,66.17476034418607,66.75997443504265
gpi12000,22900000,2.848069444444444,4.556797222222222,66.533,66.239898681719,66.82483110362156
gpi12000,23000000,2.8603,4.576427777777778,66.513,66.21985605000708,66.80487527191445
gpi12000,23100000,2.8725333333333336,4.596030555555555,66.497,66.20382198708965,66.78891056409665
gpi12000,23200000,2.884725,4.615561111111111,66.635,66.34211702153326,66.92660492724436
gpi12000,23300000,2.8970305555555553,4.635238888888889,66.553,66.25994137241666,66.84478687634292
gpi12000,23400000,2.909336111111111,4.654944444444445,66.511,66.2178517900791,66.80287968550053
gpi12000,23500000,2.921605555555556,4.674611111111112,66.554,66.2609435085004,66.84578466343014
gpi12000,23600000,2.9338583333333332,4.694249999999999,66.443,66.14970730314968,66.73502939680525
gpi12000,23700000,2.9462027777777777,4.713969444444444,66.591,66.29802264734226,66.88270268191349
gpi12000,23800000,2.958477777777778,4.7336027777777785,66.47,66.17676459144408,66.76197003412653
gpi12000,23900000,2.9707250000000003,4.753197222222223,66.475,66.18177521216623,66.76695902925914
gpi12000,24000000,2.9830555555555556,4.772852777777778,66.47,66.17676459144408,66.76197003412653
gpi12000,24100000,2.9953,4.792455555555556,66.58800000000001,66.29501622315122,66.87970933659167
gpi12000,24200000,3.0076222222222224,4.812105555555556,66.664,66.37117937913453,66.95554034160068
gpi12000,24300000,3.019911111111111,4.831786111111112,66.55,66.25693496505065,66.84179351419608
gpi12000,24400000,3.0322722222222223,4.8514944444444446,66.571,66.27797984449914,66.86274702133758
gpi12000,24500000,3.044541666666667,4.871125,66.57300000000001,66.27998412212641,66.86474259005222
gpi12000,24600000,3.0568055555555556,4.890752777777777,66.58500000000001,66.29200980028901,66.87671598994103
gpi12000,24700000,3.0690833333333334,4.910419444444445,66.678,66.38520952731623,66.9695091178123
gpi12000,24800000,3.081408333333333,4.930108333333333,66.637,66.34412131806593,66.9286004770536
gpi12000,24900000,3.093697222222222,4.949719444444444,66.557,66.26394991763681,66.84877802380659
gpi8000_old,0,0.0,0.007786111111111112,62.580000000000005,62.27958808729102,62.87944540327841
gpi8000_old,100000,0.015330555555555556,0.030272222222222225,63.31099999999999,63.01177444934347,63.60920287919147
gpi8000_old,200000,0.03056111111111111,0.052697222222222215,63.668,63.36938065848036,63.965569242084264
gpi8000_old,300000,0.04670833333333334,0.07595833333333334,64.119,63.82117187575753,64.41574337490621
gpi8000_old,400000,0.06278333333333333,0.09919722222222223,64.409,64.11169571235014,64.70519725788952
gpi8000_old,500000,0.07879166666666666,0.12239444444444444,64.644,64.34712890606032,64.93974600935294
gpi8000_old,600000,0.09480555555555556,0.14558888888888888,64.743,64.44631374281357,65.03855356652386
gpi8000_old,700000,0.11081388888888889,0.16869722222222222,64.679,64.3821940934325,64.97467813296403
gpi8000_old,800000,0.12688611111111112,0.1918388888888889,64.87899999999999,64.58256993084336,65.17428692974349
gpi8000_old,900000,0.14298611111111112,0.21504444444444443,64.902,64.60561351703826,65.19724157648048
gpi8000_old,1000000,0.15912222222222222,0.23833888888888888,64.812,64.51544339172582,65.10741861640729
gpi8000_old,1100000,0.1755722222222222,0.2619055555555555,64.949,64.65270281895263,65.24414866360082
gpi8000_old,1200000,0.19190833333333335,0.28541944444444445,65.01400000000001,64.71782684089287,65.30901964777243
gpi8000_old,1300000,0.20813888888888887,0.3088805555555555,64.923,64.62665337896992,65.21820010113878
gpi8000_old,1400000,0.2243638888888889,0.33231388888888885,64.789,64.4924001002092,65.08446367499201
gpi8000_old,1500000,0.24055277777777778,0.35570277777777776,64.936,64.63967808691078,65.2311743944203
gpi8000_old,1600000,0.25702777777777774,0.3794277777777778,64.958,64.66171995525701,65.25313083583501
gpi8000_old,1700000,0.2733472222222222,0.4031666666666666,64.928,64.6316628791723,65.22319021679115
gpi8000_old,1800000,0.29064166666666663,0.4278388888888888,65.077,64.78094762265327,65.37189402578196
gpi8000_old,1900000,0.308075,0.45262499999999994,64.818,64.52145469754049,65.1134068496183
gpi8000_old,2000000,0.3247555555555555,0.476475,64.976,64.67975426253695,65.2710951456322
gpi8000_old,2100000,0.34174166666666667,0.5007499999999999,65.005,64.70880963264884,65.3000375474779
gpi8000_old,2200000,0.3582305555555556,0.5246055555555555,65.069,64.77293225383993,65.3639100092277
gpi8000_old,2300000,0.37516944444444444,0.5487777777777777,65.125,64.82904002778695,65.41979793285397
gpi8000_old,2400000,0.39161666666666667,0.5724916666666666,64.972,64.67574663470133,65.26710308078401
gpi8000_old,2500000,0.4083555555555555,0.5966916666666666,65.116,64.82002267671199,65.41081597539036
gpi8000_old,2600000,0.42467222222222223,0.6202722222222221,65.291,64.99536214008609,65.58546306693275
gpi8000_old,2700000,0.4415638888888889,0.6443388888888889,65.166,64.87011921832757,65.46071559232234
gpi8000_old,2800000,0.4579972222222222,0.6680166666666666,65.333,65.03744426520332,65.62737771499549
gpi8000_old,2900000,0.474325,0.6917027777777778,65.313,65.01740512639383,65.60741839038596
gpi8000_old,3000000,0.4908138888888889,0.7153694444444444,65.34100000000001,65.04545993682534,65.63536142874108
gpi8000_old,3100000,0.507263888888889,0.7390527777777778,65.348,65.05247365704244,65.64234717072063
gpi8000_old,3200000,0.5236888888888889,0.7627305555555556,65.25999999999999,64.96430168645016,65.55452590226918
gpi8000_old,3300000,0.5400944444444444,0.7862833333333333,65.194,64.89817343805177,65.48865922138478
gpi8000_old,3400000,0.5565527777777778,0.809925,65.279,64.98333872231031,65.57348740665712
gpi8000_old,3500000,0.5728888888888889,0.8334750000000001,65.17699999999999,64.88114050553499,65.47169345999538
gpi8000_old,3600000,0.589175,0.8569666666666668,65.074,64.7779418582758,65.36890002064659
gpi8000_old,3700000,0.6052722222222222,0.8803055555555557,65.137,64.84106318059015,65.43177385810218
gpi8000_old,3800000,0.6218861111111111,0.9041250000000001,65.208,64.91220059005272,65.50263099377716
gpi8000_old,3900000,0.6381222222222221,0.9276222222222222,65.218,64.92222000154463,65.51261081399477
gpi8000_old,4000000,0.654775,0.9518916666666668,65.206,64.91019670947503,65.50063502801294
gpi8000_old,4100000,0.6712555555555556,0.9756444444444446,65.307,65.01139339595967,65.60143058179442
gpi8000_old,4200000,0.6877777777777778,0.999513888888889,65.507,65.21178720152798,65.8010214104164
gpi8000_old,4300000,0.7054166666666667,1.0245777777777778,65.312,65.01640317096226,65.60642042264658
gpi8000_old,4400000,0.7218305555555556,1.0484972222222224,65.496,65.20076539248143,65.79004406458246
gpi8000_old,4500000,0.7401722222222222,1.0744972222222224,65.397,65.10156989589775,65.69124716724197
gpi8000_old,4600000,0.7579555555555555,1.100138888888889,65.46600000000001,65.17070600195073,65.76010575998463
gpi8000_old,4700000,0.7751944444444444,1.1246444444444446,65.371,65.07551878736858,65.6653002733264
gpi8000_old,4800000,0.7918777777777778,1.1487527777777777,65.36800000000001,65.07251289648936,65.66230639469276
gpi8000_old,4900000,0.8088861111111111,1.1734055555555556,65.517,65.22180704308093,65.81100080057296
gpi8000_old,5000000,0.826011111111111,1.197741666666667,65.601,65.30597428206434,65.89482710794947
gpi8000_old,5100000,0.8427277777777779,1.2219222222222221,65.335,65.03944818224629,65.62937364429442
gpi8000_old,5200000,0.8592555555555556,1.245763888888889,65.288,64.99235628370343,65.58246915380256
gpi8000_old,5300000,0.8762194444444444,1.2699472222222223,65.256,64.96029389603018,65.55053400000537
gpi8000_old,5400000,0.8927916666666668,1.2937972222222223,65.39399999999999,65.09856399379504,65.6882532998318
gpi8000_old,5500000,0.9089916666666666,1.3172055555555557,65.435,65.13964476801594,65.72916937561992
gpi8000_old,5600000,0.9258555555555555,1.3414750000000002,65.366,65.07050896995578,65.66031047488443
gpi8000_old,5700000,0.942513888888889,1.3654138888888891,65.496,65.20076539248143,65.79004406458246
gpi8000_old,5800000,0.9587833333333333,1.3889361111111111,65.486,65.19074558121926,65.78006464413511
gpi8000_old,5900000,0.9761027777777778,1.4136527777777779,65.417,65.12160927635753,65.71120625020122
gpi8000_old,6000000,0.992588888888889,1.4374583333333335,65.41799999999999,65.12261124689223,65.71220420283744
gpi8000_old,6100000,1.0095944444444445,1.4617972222222222,65.491,65.19575548504773,65.78505435616142
gpi8000_old,6200000,1.0260666666666667,1.4856000000000003,65.505,65.20978323494859,65.79902553065388
gpi8000_old,6300000,1.0423833333333332,1.5093666666666667,65.627,65.33202625311915,65.92077313933939
gpi8000_old,6400000,1.0592611111111112,1.5336361111111112,65.542,65.24685671009576,65.8359492128319
gpi8000_old,6500000,1.075788888888889,1.5574750000000002,65.526,65.23082491281511,65.81998223937732
gpi8000_old,6600000,1.09225,1.5812083333333333,65.658,65.36308834638088,65.95170866437718
gpi8000_old,6700000,1.1088583333333333,1.605036111111111,65.607,65.31198626671045,65.90081466232907
gpi8000_old,6800000,1.125622222222222,1.6293138888888892,65.589,65.29395032838167,65.88285198358072
gpi8000_old,6900000,1.1427888888888889,1.6538694444444446,65.644,65.34906028704755,65.93773779931716
gpi8000_old,7000000,1.159661111111111,1.6780944444444446,65.72099999999999,65.42621496449438,66.0145772060336
gpi8000_old,7100000,1.1763055555555555,1.7021111111111111,65.592,65.29695631485134,65.8858457666239
gpi8000_old,7200000,1.1932805555555557,1.7265111111111113,65.537,65.24184676947617,65.83095953759674
gpi8000_old,7300000,1.2098916666666666,1.7504722222222222,65.52900000000001,65.23383087199073,65.82297604971457
gpi8000_old,7400000,1.2278944444444444,1.7757666666666667,65.379,65.08353450270977,65.67328394335281
gpi8000_old,7500000,1.2442472222222223,1.7996916666666667,65.497,65.20176737440084,65.79104200583402
gpi8000_old,7600000,1.26085,1.8235444444444444,65.513,65.21779910472846,65.8070090462416
gpi8000_old,7700000,1.2788194444444445,1.8488750000000003,65.58800000000001,65.29294833318079,65.88185405561066
gpi8000_old,7800000,1.296836111111111,1.8749666666666667,65.533,65.23783881957877,65.82696779481034
gpi8000_old,7900000,1.315338888888889,1.9008861111111113,65.434,65.13864279503292,65.728171425432
gpi8000_old,8000000,1.3318583333333331,1.9246777777777777,65.487,65.19174756169656,65.78106258682878
gpi8000_old,8100000,1.3482416666666668,1.948227777777778,65.393,65.09756202671534,65.68725534374057
gpi8000_old,8200000,1.36465,1.9719222222222221,65.566,65.27090447531444,65.85989960371606
gpi8000_old,8300000,1.380952777777778,1.9953861111111115,65.423,65.12762110172577,65.71719396385866
gpi8000_old,8400000,1.3974722222222222,2.019327777777778,65.577,65.28192639550736,65.8708768384036
gpi8000_old,8500000,1.4146833333333333,2.0438555555555555,65.381,65.08553843298381,65.67527985942067
gpi8000_old,8600000,1.4307277777777778,2.067063888888889,65.429,65.13363293227837,65.72318167233179
gpi8000_old,8700000,1.446688888888889,2.090077777777778,65.523,65.22781895493833,65.81698842774126
gpi8000_old,8800000,1.462611111111111,2.1131333333333333,65.482,65.18673766075204,65.77607287191852
gpi8000_old,8900000,1.4783944444444446,2.135983333333334,65.457,65.16168821009113,65.75112424330565
gpi8000_old,9000000,1.4942833333333334,2.158936111111111,65.551,65.2558746123061,65.84493061916014
gpi8000_old,9100000,1.5102,2.1820000000000004,65.644,65.34906028704755,65.93773779931716
gpi8000_old,9200000,1.5292416666666668,2.209616666666667,65.438,65.1426506878293,65.73216322531941
gpi8000_old,9300000,1.5519277777777776,2.2403111111111107,65.534,65.2388408068366,65.82796573072346
gpi8000_old,9400000,1.5723027777777778,2.2686027777777777,65.613,65.3179982565606,65.90680221150463
gpi8000_old,9500000,1.5911916666666666,2.295336111111111,65.459,65.16369216282887,65.75312013690984
gpi8000_old,9600000,1.6095416666666669,2.321308333333333,65.61099999999999,65.31599425936562,65.9048063623577
gpi8000_old,9700000,1.6276083333333333,2.347077777777778,65.484,65.18874162069727,65.7780687583152
gpi8000_old,9800000,1.6462833333333333,2.3733999999999997,65.563,65.26789850011329,65.85690580940437
gpi8000_old,9900000,1.6656722222222222,2.400183333333333,65.487,65.19174756169656,65.78106258682878
gpi8000_old,10000000,1.683161111111111,2.425758333333333,65.692,65.39715660857577,65.9856377899946
gpi8000_old,10100000,1.7061972222222224,2.456627777777778,65.45299999999999,65.15768030634497,65.747132454368
gpi8000_old,10200000,1.7255611111111113,2.483897222222222,65.479,65.18373172191558,65.77307904124214
gpi8000_old,10300000,1.7464527777777776,2.512563888888889,65.48,65.18473370138356,65.77407698494511
gpi8000_old,10400000,1.7680361111111111,2.54165,65.57600000000001,65.28092440204028,65.86987890869975
gpi8000_old,10500000,1.7850694444444444,2.5664277777777778,65.512,65.21679712050104,65.80601110729808
gpi8000_old,10600000,1.8052027777777777,2.5938805555555553,65.383,65.08754236383339,65.67727577491299
gpi8000_old,10700000,1.8225500000000001,2.6186611111111113,65.572,65.27691642961655,65.86588718843967
gpi8000_old,10800000,1.8434277777777779,2.647025,65.646,65.35106429378754,65.93973363891908
gpi8000_old,10900000,1.8628916666666666,2.674194444444444,65.58699999999999,65.29194633812439,65.88085612749607
gpi8000_old,11000000,1.8805,2.699027777777778,65.45400000000001,65.15868228206536,65.74813040181857
gpi8000_old,11100000,1.897688888888889,2.723561111111111,65.50399999999999,65.20878125187525,65.79802759055625
gpi8000_old,11200000,1.9198944444444443,2.7539416666666665,65.574,65.2789204155395,65.86788304885862
gpi8000_old,11300000,1.9403861111111111,2.782352777777778,65.627,65.33202625311915,65.92077313933939
gpi8000_old,11400000,1.958938888888889,2.8085166666666668,65.713,65.41819885414144,66.00659393101893
gpi8000_old,11500000,1.976588888888889,2.8335972222222225,65.675,65.38012245656031,65.9686732481039
gpi8000_old,11600000,1.9938916666666666,2.858427777777778,65.79599999999999,65.50136645026726,66.08941995808208
gpi8000_old,11700000,2.0114416666666664,2.8843944444444443,65.888,65.59355338782942,66.18122595224747
gpi8000_old,11800000,2.0338416666666665,2.9144916666666667,65.874,65.5795248614739,66.16725555420965
gpi8000_old,11900000,2.0515194444444447,2.9399083333333333,65.886,65.59154931089103,66.17923018284394
gpi8000_old,12000000,2.068938888888889,2.965005555555556,65.763,65.46829969602899,66.05648924767894
gpi8000_old,12100000,2.087333333333333,2.9910944444444443,65.744,65.44926133342153,66.03752907003833
gpi8000_old,12200000,2.1112944444444444,3.023238888888889,65.798,65.50337050105708,66.09141575363415
gpi8000_old,12300000,2.1354166666666665,3.055452777777778,65.875,65.58052689812573,66.16825344072876
gpi8000_old,12400000,2.155997222222222,3.0843611111111113,65.802,65.50737860437835,66.0954073429967
gpi8000_old,12500000,2.1759666666666666,3.1121805555555557,65.67399999999999,65.37912044892123,65.96767533257204
gpi8000_old,12600000,2.1947527777777776,3.138986111111111,65.81,65.51539481798817,66.1033905147545
gpi8000_old,12700000,2.215988888888889,3.1677166666666667,65.85499999999999,65.56048619270557,66.1482956827299
gpi8000_old,12800000,2.236363888888889,3.196036111111111,65.84100000000001,65.54645773349662,66.13432521754554
gpi8000_old,12900000,2.257813888888889,3.224944444444444,65.853,65.55848212536077,66.1462999037328
gpi8000_old,13000000,2.277675,3.2524861111111107,65.67,65.37511241981241,65.96368366899704
gpi8000_old,13100000,2.2949805555555556,3.2770805555555556,65.754,65.45928151774257,66.0475081174268
gpi8000_old,13200000,2.311827777777778,3.3012694444444444,65.725,65.43022302314837,66.01856884006342
gpi8000_old,13300000,2.3327916666666666,3.3317027777777777,65.744,65.44926133342153,66.03752907003833
gpi8000_old,13400000,2.356622222222222,3.363738888888889,65.619,65.32401025161543,65.91278975547552
gpi8000_old,13500000,2.3767222222222224,3.3924333333333334,65.752,65.45727747971847,66.04551230910901
gpi8000_old,13600000,2.3977833333333334,3.4217194444444448,65.728,65.43322906866044,66.02156256406421
gpi8000_old,13700000,2.418058333333333,3.45075,65.696,65.4011646504257,65.9896294408285
gpi8000_old,13800000,2.4399583333333332,3.4808694444444446,65.727,65.43222705334483,66.02056465620886
gpi8000_old,13900000,2.458713888888889,3.507827777777778,65.752,65.45727747971847,66.04551230910901
gpi8000_old,14000000,2.4833222222222218,3.540838888888889,65.86800000000001,65.57351264461555,66.16126823204229
gpi8000_old,14100000,2.5082166666666668,3.5735333333333337,65.711,65.41619482800202,66.00459811081643
gpi8000_old,14200000,2.526038888888889,3.5990527777777777,65.745,65.45026335120122,66.03852697542959
gpi8000_old,14300000,2.5449055555555553,3.625736111111111,65.783,65.48834013428244,66.07644727284455
gpi8000_old,14400000,2.563213888888889,3.651725,65.67,65.37511241981241,65.96368366899704
gpi8000_old,14500000,2.581513888888889,3.6776694444444447,65.697,65.40216666125025,65.99062735317492
gpi8000_old,14600000,2.5998527777777776,3.7036777777777776,65.836,65.54144757639402,66.12933575879336
gpi8000_old,14700000,2.6187166666666664,3.731033333333333,65.77300000000001,65.47831990790279,66.06646826751468
gpi8000_old,14800000,2.6503166666666664,3.771775,65.80799999999999,65.51339076371474,66.10139472268601
gpi8000_old,14900000,2.681783333333333,3.8124777777777776,65.77300000000001,65.47831990790279,66.06646826751468
gpi8000_old,15000000,2.711777777777778,3.851927777777778,65.836,65.54144757639402,66.12933575879336
gpi8000_old,15100000,2.7439999999999998,3.8938722222222224,65.78500000000001,65.49034418129935,66.07844307216953
gpi8000_old,15200000,2.7729166666666667,3.931916666666667,65.937,65.64265345457156,66.23012212088193
gpi8000_old,15300000,2.8046027777777778,3.9727750000000004,65.924,65.62962687220552,66.21714970202562
gpi8000_old,15400000,2.834525,4.011761111111111,65.875,65.58052689812573,66.16825344072876
gpi8000_old,15500000,2.869925,4.056336111111111,65.92099999999999,65.62662074130613,66.21415606341213
gpi8000_old,15600000,2.9058916666666663,4.101444444444445,65.91,65.61559827254561,66.20317937729219
gpi8000_old,15700000,2.9394444444444443,4.144105555555556,66.00200000000001,65.70778673553967,66.29498384602569
gpi8000_old,15800000,2.975336111111111,4.189236111111111,65.837,65.54244960752402,66.13033365083432
gpi8000_old,15900000,3.0103222222222223,4.233350000000001,65.86,65.56549636361054,66.15328512767968
gpi8000_old,16000000,3.0440722222222223,4.276233333333334,65.72099999999999,65.42621496449438,66.0145772060336
gpi8000_old,16100000,3.081466666666667,4.322783333333334,65.807,65.51238873679578,66.10039682643402
gpi8000_old,16200000,3.114236111111111,4.364552777777778,65.82000000000001,65.52541509806605,66.11336946638612
gpi8000_old,16300000,3.145080555555556,4.404377777777778,65.711,65.41619482800202,66.00459811081643
gpi8000_old,16400000,3.1768694444444443,4.445325,65.765,65.47030373724343,66.0584850528064
gpi8000_old,16500000,3.2101916666666668,4.487713888888889,65.659,65.36409035170419,65.9527065822248
gpi8000_old,16600000,3.2424194444444443,4.530225000000001,65.687,65.39214655952162,65.980648223194
gpi8000_old,16700000,3.2770499999999996,4.573994444444445,65.866,65.57150857349227,66.15927245682369
gpi8000_old,16800000,3.3095222222222223,4.615663888888888,65.837,65.54244960752402,66.13033365083432
gpi8000_old,16900000,3.340822222222222,4.656124999999999,65.747,65.45226738719552,66.04052278577718
gpi8000_old,17000000,3.3708416666666667,4.695325,65.754,65.45928151774257,66.0475081174268
gpi8000_old,17100000,3.401038888888889,4.734591666666667,65.686,65.39114455014521,65.97965030939947
gpi8000_old,17200000,3.4316111111111107,4.774502777777777,65.825,65.53042524354989,66.11835893675703
gpi8000_old,17300000,3.464152777777778,4.815991666666666,65.83099999999999,65.53643742292272,66.12434629640993
gpi8000_old,17400000,3.4965416666666664,4.857152777777777,65.86999999999999,65.57551671632022,66.16326400667951
gpi8000_old,17500000,3.5277555555555558,4.896624999999999,65.782,65.48733811099162,66.07544937296439
gpi8000_old,17600000,3.556380555555555,4.9340166666666665,65.788,65.49335025291292,66.08143677006882
lr0p001_old,0,0.0,0.008794444444444445,62.580000000000005,62.27958808729102,62.87944540327841
lr0p001_old,100000,0.020180555555555556,0.036394444444444445,64.141,63.843211200363946,64.43770236006074
lr0p001_old,200000,0.04026111111111111,0.06359166666666667,64.39200000000001,64.09466467773315,64.68822959860034
lr0p001_old,300000,0.0596,0.09008055555555557,64.557,64.25996762117002,64.85291397837044
lr0p001_old,400000,0.079025,0.11676111111111112,64.79599999999999,64.49941326792343,65.09144996947444
lr0p001_old,500000,0.09914722222222222,0.1445638888888889,64.895,64.59860024369537,65.1902553876267
lr0p001_old,600000,0.12224722222222222,0.17575833333333335,64.92,64.62364768055939,65.21520603003646
lr0p001_old,700000,0.14614166666666667,0.20752500000000002,64.993,64.69678670631636,65.28806139575896
lr0p001_old,800000,0.16887500000000003,0.237825,65.077,64.78094762265327,65.37189402578196
lr0p001_old,900000,0.19036944444444445,0.26682500000000003,64.815,64.51844904399293,65.110412733653
lr0p001_old,1000000,0.21086666666666667,0.29474722222222227,64.875,64.57856235832881,65.17029480957424
lr0p001_old,1100000,0.23158333333333334,0.3231055555555556,65.164,64.86811534978875,65.45871961451927
lr0p001_old,1200000,0.25247777777777775,0.3514194444444444,65.134,64.83805739045663,65.42877987872285
lr0p001_old,1300000,0.2732888888888889,0.37951944444444446,65.109,64.81300918944623,65.40383000045944
lr0p001_old,1400000,0.29227222222222227,0.4056416666666667,65.24600000000001,64.95027443002635,65.54055423429969
lr0p001_old,1500000,0.31148333333333333,0.43199722222222225,65.295,64.99936995060706,65.5894549490956
lr0p001_old,1600000,0.3306055555555556,0.4582916666666667,65.436,65.14064674114303,65.7301673256638
lr0p001_old,1700000,0.349625,0.4844805555555556,65.282,64.9863445748156,65.57648132366467
lr0p001_old,1800000,0.36888055555555554,0.5108388888888888,65.46499999999999,65.16970402450093,65.75910781426346
lr0p001_old,1900000,0.3879888888888889,0.5370805555555556,65.40599999999999,65.11058760997854,65.70022876169972
lr0p001_old,2000000,0.4073833333333333,0.5636194444444445,65.337,65.04145209986427,65.63136957301833
lr0p001_old,2100000,0.4264611111111111,0.5899861111111111,65.236,64.94025497837181,65.5305744542447
lr0p001_old,2200000,0.4456611111111111,0.6163527777777777,65.318,65.02241490570701,65.61240822692753
lr0p001_old,2300000,0.4648777777777778,0.6427222222222223,65.351,65.05547953929228,65.64534105798366
lr0p001_old,2400000,0.48401666666666665,0.6690527777777778,65.377,65.08153057301125,65.67128802670943
lr0p001_old,2500000,0.5030805555555555,0.6952555555555556,65.544,65.24886068735411,65.83794508191546
lr0p001_old,2600000,0.5220666666666667,0.7214833333333334,65.594,65.29896030655368,65.88784162126345
lr0p001_old,2700000,0.5411666666666667,0.7477333333333334,65.514,65.21880108910015,65.80800698504086
lr0p001_old,2800000,0.5605305555555555,0.7743694444444444,65.69500000000001,65.400162639746,65.98863152833725
lr0p001_old,2900000,0.5795361111111111,0.8004972222222222,65.49199999999999,65.19675746624603,65.78605229813405
lr0p001_old,3000000,0.5986055555555556,0.8267722222222222,65.351,65.05547953929228,65.64534105798366
lr0p001_old,3100000,0.6185388888888889,0.85455,65.58500000000001,65.28994234844512,65.87886027083347
lr0p001_old,3200000,0.6390916666666667,0.8826583333333334,65.691,65.39615459847533,65.9846398769241
lr0p001_old,3300000,0.6587666666666666,0.9095944444444445,65.63799999999999,65.34304827029955,65.93175027703944
lr0p001_old,3400000,0.6780750000000001,0.936063888888889,65.645,65.3500622903452,65.93873571919045
lr0p001_old,3500000,0.697325,0.9624944444444444,65.584,65.28894035382221,65.87786234228543
lr0p001_old,3600000,0.7165944444444444,0.988925,65.678,65.38312848034616,65.97166699383091
lr0p001_old,3700000,0.7357111111111111,1.015211111111111,65.688,65.39314856904285,65.98164613684374
lr0p001_old,3800000,0.7548916666666667,1.0416944444444445,65.724,65.42922100826752,66.01757093177332
lr0p001_old,3900000,0.7747388888888889,1.0690833333333334,65.774,65.47932192988793,66.06746616870046
lr0p001_old,4000000,0.7958055555555555,1.0976444444444446,65.672,65.37711643407731,65.96567950107404
lr0p001_old,4100000,0.8164638888888889,1.1257388888888888,65.682,65.38713651408742,65.97565865277345
lr0p001_old,4200000,0.8375583333333333,1.1542777777777777,65.503,65.2077792689462,65.79702965031437
lr0p001_old,4300000,0.857586111111111,1.1816388888888887,65.861,65.56649839822751,66.15428301623369
lr0p001_old,4400000,0.8775055555555555,1.2088916666666667,65.782,65.48733811099162,66.07544937296439
lr0p001_old,4500000,0.8974166666666666,1.2361555555555555,65.725,65.43022302314837,66.01856884006342
lr0p001_old,4600000,0.917075,1.2637027777777778,65.55,65.25487262259409,65.84393268570118
lr0p001_old,4700000,0.9367222222222221,1.2906166666666667,65.682,65.38713651408742,65.97565865277345
lr0p001_old,4800000,0.9572111111111111,1.3187083333333334,65.865,65.57050653814863,66.15827456899636
lr0p001_old,4900000,0.9793222222222222,1.3485888888888888,65.725,65.43022302314837,66.01856884006342
lr0p001_old,5000000,1.0019888888888888,1.3789916666666666,65.766,65.4713057580682,66.05948295515259
lr0p001_old,5100000,1.021625,1.4059111111111113,65.905,65.61058806529208,66.19818996869098
lr0p001_old,5200000,1.0407583333333332,1.432263888888889,65.83,65.53543539266417,66.12334840349752
lr0p001_old,5300000,1.059975,1.4587444444444446,65.905,65.61058806529208,66.19818996869098
lr0p001_old,5400000,1.0791472222222223,1.4851694444444445,65.83200000000001,65.53743945332648,66.1253441891771
lr0p001_old,5500000,1.0983972222222222,1.5116694444444445,65.786,65.49134620502542,66.07944097161439
lr0p001_old,5600000,1.1177027777777777,1.5381416666666667,65.765,65.47030373724343,66.0584850528064
lr0p001_old,5700000,1.1369972222222222,1.5646805555555556,65.649,65.35407030498257,65.9427273972369
lr0p001_old,5800000,1.156138888888889,1.5910861111111114,65.704,65.40918074107732,65.99761273554446
lr0p001_old,5900000,1.1752222222222222,1.6173194444444445,65.539,65.24385074529094,65.83295540812387
lr0p001_old,6000000,1.1942750000000002,1.6436194444444445,65.874,65.5795248614739,66.16725555420965
lr0p001_old,6100000,1.2131305555555556,1.669666666666667,65.88000000000001,65.5855370835655,66.17324287114376
lr0p001_old,6200000,1.2322027777777778,1.6959666666666668,65.865,65.57050653814863,66.15827456899636
lr0p001_old,6300000,1.2511694444444446,1.7221277777777777,65.828,65.53343133258278,66.121352617237
lr0p001_old,6400000,1.2700972222222224,1.748252777777778,65.892,65.59756154345115,66.18521748930954
lr0p001_old,6500000,1.2891916666666667,1.7745361111111113,65.561,65.26589451736798,65.85490994580778
lr0p001_old,6600000,1.3081777777777777,1.800788888888889,65.741,65.44625528095229,66.03453535299472
lr0p001_old,6700000,1.3273583333333332,1.8271833333333336,65.747,65.45226738719552,66.04052278577718
lr0p001_old,6800000,1.3464444444444443,1.8535277777777779,65.791,65.49635632583242,66.08443046666216
lr0p001_old,6900000,1.365447222222222,1.879736111111111,65.61399999999999,65.31900025537493,65.90780013586122
lr0p001_old,7000000,1.384686111111111,1.9061555555555558,65.671,65.37611442687249,65.96468158510793
lr0p001_old,7100000,1.4038111111111111,1.9324194444444447,65.689,65.39415057870887,65.98264405034865
lr0p001_old,7200000,1.4226833333333333,1.9584694444444446,65.86800000000001,65.57351264461555,66.16126823204229
lr0p001_old,7300000,1.441727777777778,1.9846805555555556,65.873,65.57852282496745,66.16625766754517
lr0p001_old,7400000,1.4624249999999999,2.0126583333333334,65.903,65.60858398340892,66.19619420423221
lr0p001_old,7500000,1.4821277777777777,2.0396055555555557,65.836,65.54144757639402,66.12933575879336
lr0p001_old,7600000,1.5011833333333333,2.0659138888888893,66.02799999999999,65.73384022031871,66.32092836369135
lr0p001_old,7700000,1.5203333333333333,2.0922750000000003,65.888,65.59355338782942,66.18122595224747
lr0p001_old,7800000,1.5395916666666667,2.1187555555555555,65.873,65.57852282496745,66.16625766754517
lr0p001_old,7900000,1.5587638888888888,2.14515,65.74600000000001,65.45126536912589,66.03952488067588
lr0p001_old,8000000,1.5780638888888887,2.1716694444444444,65.88300000000001,65.588543196574,66.17623652764813
lr0p001_old,8100000,1.5972305555555555,2.198013888888889,65.77,65.47531384281766,66.06347456308693
lr0p001_old,8200000,1.6163277777777778,2.224369444444444,65.99000000000001,65.6957620834947,66.28300942001924
lr0p001_old,8300000,1.6355694444444444,2.25095,65.896,65.60156970139964,66.18920902404484
lr0p001_old,8400000,1.6583472222222222,2.281569444444445,65.937,65.64265345457156,66.23012212088193
lr0p001_old,8500000,1.6811,2.3122638888888893,66.082,65.78795161918099,66.37481281606046
lr0p001_old,8600000,1.704702777777778,2.3437833333333336,65.825,65.53042524354989,66.11835893675703
lr0p001_old,8700000,1.7287666666666668,2.3759305555555557,65.972,65.67772514477196,66.26504774166484
lr0p001_old,8800000,1.7518972222222222,2.406930555555556,65.94200000000001,65.64766368510845,66.23511150619979
lr0p001_old,8900000,1.7735138888888888,2.4362194444444443,65.935,65.64064936337577,66.22812636573583
lr0p001_old,9000000,1.7941694444444445,2.464161111111111,65.90899999999999,65.61459623080395,66.20218149586289
lr0p001_old,9100000,1.8161027777777778,2.494022222222222,65.996,65.70177440689375,66.28899663564589
lr0p001_old,9200000,1.838752777777778,2.524594444444445,65.955,65.660690301538,66.24808389099263
lr0p001_old,9300000,1.8612083333333334,2.5546888888888892,65.77,65.47531384281766,66.06347456308693
lr0p001_old,9400000,1.8827944444444447,2.584261111111111,66.054,65.75989380368965,66.34687278276516
lr0p001_old,9500000,1.9057805555555556,2.6150583333333337,66.18,65.88615487535243,66.47260203064226
lr0p001_old,9600000,1.9286416666666666,2.645725,66.011,65.71680523834786,66.30396465175605
lr0p001_old,9700000,1.9507916666666667,2.6756833333333336,66.01700000000001,65.72281758011387,66.30995184901576
lr0p001_old,9800000,1.973277777777778,2.7059805555555556,65.923,65.62862482842688,66.21615182263331
lr0p001_old,9900000,1.9948,2.7353444444444444,65.935,65.64064936337577,66.22812636573583
lr0p001_old,10000000,2.017775,2.7660638888888887,65.91799999999999,65.62361461171636,66.21116242348904
lr0p001_old,10100000,2.039675,2.795741666666667,65.878,65.58353300895347,66.1712470994139
lr0p001_old,10200000,2.0613027777777777,2.8246805555555556,65.917,65.6226125688108,66.21016454322367
lr0p001_old,10300000,2.0806138888888888,2.8512333333333335,66.14,65.84607174408205,66.4326882350746
lr0p001_old,10400000,2.0996194444444445,2.877525,66.038,65.74386081763687,66.33090699808271
lr0p001_old,10500000,2.119961111111111,2.9052361111111114,66.021,65.72682581087405,66.31394331093937
lr0p001_old,10600000,2.139883333333333,2.932522222222223,66.04100000000001,65.74686699967678,66.33390058555568
lr0p001_old,10700000,2.1595666666666666,2.9595861111111113,66.122,65.82803441133785,66.41472695074168
lr0p001_old,10800000,2.179888888888889,2.98735,66.082,65.78795161918099,66.37481281606046
lr0p001_old,10900000,2.200344444444444,3.0151527777777782,66.035,65.74085463690984,66.32791340929688
lr0p001_old,11000000,2.2203194444444443,3.0424583333333333,65.969,65.67471899290729,66.26205412401664
lr0p001_old,11100000,2.240238888888889,3.0697472222222224,65.94,65.64565959245698,66.23311575250936
lr0p001_old,11200000,2.260194444444444,3.0971472222222225,65.90599999999999,65.61159010645183,66.19918785070216
lr0p001_old,11300000,2.280761111111111,3.1251194444444446,66.006,65.71179495755219,66.29897531669697
lr0p001_old,11400000,2.3019666666666665,3.153963888888889,65.86800000000001,65.57351264461555,66.16126823204229
lr0p001_old,11500000,2.3234694444444446,3.1830305555555554,65.90599999999999,65.61159010645183,66.19918785070216
lr0p001_old,11600000,2.3437166666666664,3.210741666666667,66.09,65.79596815891597,66.3827956616931
lr0p001_old,11700000,2.363636111111111,3.238036111111111,66.00399999999999,65.70979084625436,66.29697958165286
lr0p001_old,11800000,2.383452777777778,3.265175,65.833,65.5384414838755,66.12634208179902
lr0p001_old,11900000,2.405275,3.294397222222223,66.03,65.7358443386155,66.3229240917365
lr0p001_old,12000000,2.424808333333333,3.3212305555555557,66.135,65.84106136912467,66.4276989941772
lr0p001_old,12100000,2.4443972222222223,3.348527777777778,66.09,65.79596815891597,66.3827956616931
lr0p001_old,12200000,2.4638944444444446,3.3754472222222223,65.99000000000001,65.6957620834947,66.28300942001924
lr0p001_old,12300000,2.483694444444444,3.402602777777778,66.077,65.78294128659222,66.36982353279447
lr0p001_old,12400000,2.5036694444444443,3.429813888888889,66.019,65.72482169520232,66.3119475802692
lr0p001_old,12500000,2.5233333333333334,3.4567583333333336,66.089,65.79496609093799,66.38179780650012
lr0p001_old,12600000,2.5431583333333334,3.483894444444445,65.905,65.61058806529208,66.19818996869098
lr0p001_old,12700000,2.562797222222222,3.510752777777778,65.915,65.62060848343614,66.20816878225642
lr0p001_old,12800000,2.5819972222222223,3.537172222222223,66.024,65.72983198547533,66.31693690585094
lr0p001_old,12900000,2.601466666666667,3.5639416666666675,66.053,65.75889174096703,66.34587492231682
lr0p001_old,13000000,2.621225,3.591008333333334,66.104,65.80999712594337,66.39676561905901
lr0p001_old,13100000,2.6410500000000003,3.6181138888888897,66.063,65.76891237476035,66.35585352023303
lr0p001_old,13200000,2.660972222222222,3.6453472222222225,65.961,65.66670259434379,66.25407113721255
lr0p001_old,13300000,2.680888888888889,3.6725500000000006,66.148,65.8540883516163,66.44067101290794
lr0p001_old,13400000,2.7012083333333337,3.7006972222222227,65.997,65.70277646130369,66.2899945044069
lr0p001_old,13500000,2.723475,3.7305222222222225,66.08500000000001,65.79095782048641,66.37780638426791
lr0p001_old,13600000,2.7479527777777775,3.7631555555555556,65.985,65.69075181800301,66.27802006965615
lr0p001_old,13700000,2.7719638888888887,3.794744444444445,65.969,65.67471899290729,66.26205412401664
lr0p001_old,13800000,2.7920583333333333,3.822194444444445,66.247,65.95329464483383,66.53945711361462
lr0p001_old,13900000,2.811838888888889,3.8492333333333337,65.945,65.65066982517752,66.2381051356436
lr0p001_old,14000000,2.831688888888889,3.8766861111111117,66.16,65.86611328046497,66.45264516211068
lr0p001_old,14100000,2.851325,3.903619444444445,66.294,66.00039308460043,66.58635506288273
lr0p001_old,14200000,2.870975,3.930633333333334,66.167,65.8731278320194,66.45963007275292
lr0p001_old,14300000,2.8908444444444448,3.957869444444445,66.047,65.7528793676956,66.33988775656255
lr0p001_old,14400000,2.9115111111111114,3.986127777777778,66.044,65.74987318302966,66.33689417171566
lr0p001_old,14500000,2.932388888888889,4.01451388888889,66.216,65.9222298936622,66.50852424648674
lr0p001_old,14600000,2.9545583333333334,4.044413888888889,66.125,65.83104063017319,66.41772050141917
lr0p001_old,14700000,2.9759083333333334,4.0735277777777785,66.107,65.8130033368884,66.39975917762686
lr0p001_old,14800000,2.9951000000000003,4.100013888888889,66.186,65.89216736523085,66.47858907978956
lr0p001_old,14900000,3.01445,4.126608333333334,66.104,65.80999712594337,66.39676561905901
lr0p001_old,15000000,3.0336527777777778,4.153108333333334,66.005,65.7107929018304,66.2979774492478
lr0p001_old,15100000,3.0531305555555557,4.179755555555556,66.252,65.95830510175712,66.54444627254608
lr0p001_old,15200000,3.0724694444444443,4.2063,66.13799999999999,65.84406759366053,66.43069253915421
lr0p001_old,15300000,3.0919694444444445,4.233161111111111,66.227,65.93325285377118,66.51950044125823
lr0p001_old,15400000,3.111952777777778,4.2605666666666675,66.176,65.88214655169337,66.46861066161752
lr0p001_old,15500000,3.1317999999999997,4.2876722222222226,66.079,65.78494541918971,66.3718192465389
lr0p001_old,15600000,3.151580555555556,4.314819444444445,66.161,65.86711535881967,66.45364300692697
lr0p001_old,15700000,3.1717666666666666,4.342494444444445,66.095,65.80097850099655,66.38778493546728
lr0p001_old,15800000,3.193775,4.372175,66.186,65.89216736523085,66.47858907978956
lr0p001_old,15900000,3.2162972222222224,4.402313888888889,66.024,65.72983198547533,66.31693690585094
lr0p001_old,16000000,3.2400083333333334,4.434100000000001,66.147,65.85308627516278,66.43967316619053
lr0p001_old,16100000,3.262016666666667,4.463597222222223,66.156,65.86210496850885,66.44865378138302
lr0p001_old,16200000,3.2820416666666667,4.490958333333334,66.39699999999999,66.1036099479343,66.68913028615685
lr0p001_old,16300000,3.302063888888889,4.518380555555556,66.333,66.03947501464434,66.62527013650593
lr0p001_old,16400000,3.3220388888888888,4.545747222222223,66.203,65.90920278183214,66.49555235709444
lr0p001_old,16500000,3.341852777777778,4.572902777777779,66.216,65.9222298936622,66.50852424648674
lr0p001_old,16600000,3.361794444444444,4.600119444444444,66.05799999999999,65.76390205603944,66.35086422309917
lr0p001_old,16700000,3.381125,4.626638888888889,66.132,65.83805514590446,66.42470544788456
lr0p001_old,16800000,3.400408333333333,4.653136111111111,66.16199999999999,65.8681174373206,66.45464085159696
lr0p001_old,16900000,3.4197027777777778,4.679686111111112,66.141,65.8470738195121,66.43368608281548
lr0p001_old,17000000,3.4395472222222225,4.706827777777778,66.204,65.91020486647905,66.49655019561848
lr0p001_old,17100000,3.459327777777778,4.733952777777779,66.173,65.87914031048537,66.46561713331269
lr0p001_old,17200000,3.4791527777777778,4.761125000000001,66.169,65.87513199092288,66.46162576019135
lr0p001_old,17300000,3.5002833333333334,4.7898000000000005,66.196,65.9021881934027,66.48856748332724
lr0p001_old,17400000,3.520763888888889,4.817536111111111,66.259,65.9653197476051,66.55143108889479
lr0p001_old,17500000,3.540058333333333,4.8440416666666675,66.217,65.92323198021259,66.50952208310731
lr0p001_old,17600000,3.559411111111111,4.870580555555556,66.263,65.96932811988567,66.55542240929802
lr0p001_old,17700000,3.5789444444444447,4.897341666666668,66.09899999999999,65.80498677729,66.39177635185763
lr0p001_old,17800000,3.598322222222222,4.923955555555556,66.11399999999999,65.82001783420685,66.40674414250505
lr0p001_old,17900000,3.6177333333333332,4.950583333333334,66.216,65.9222298936622,66.50852424648674
lr0p001_old,18000000,3.637436111111111,4.977650000000001,66.247,65.95329464483383,66.53945711361462
lr0p001_old,18100000,3.6575083333333334,5.004969444444446,66.152,65.85809665889269,66.44466239831537
lr0p001_old,18200000,3.6776694444444447,5.03241388888889,66.188,65.89417152969436,66.48058476166796
lr0p001_old,18300000,3.697438888888889,5.059475000000001,66.06,65.76590618308997,66.35285994239057
lr0p001_old,18400000,3.7172388888888888,5.0865027777777785,66.328,66.03446449831739,66.62028103697811
lr0p001_old,18500000,3.736761111111111,5.113305555555556,66.15299999999999,65.85909873607736,66.44566024430165
lr0p001_old,18600000,3.756327777777778,5.140183333333335,66.274,65.98035115575149,66.56639852831265
lr0p001_old,18700000,3.775986111111111,5.167097222222223,66.334,66.04047711835017,66.62626795597106
